thickness,resistivity,name
0.4469687703832191,0.3,Seawater
6.592572347568817,3.0,Sediment
14.149772779546996,3000.0,Crust
124.39012597804367,1000.0,Lithosphere
258.14405193146837,100.0,Upper Mantle
250.0,10.0,Transition Zone
340.0,1.0,Lower Mantle
thickness,resistivity,name
0.4886129332132652,0.3,Seawater
7.194913636531064,3.0,Sediment
29.56235319150851,3000.0,Crust
119.43181173057866,1000.0,Lithosphere
245.18493725716974,100.0,Upper Mantle
250.0,10.0,Transition Zone
340.0,1.0,Lower Mantle
